{"cameraMode":{"drawMode":0,"name":"Shaded","section":"Shading Mode"},"sceneLighting":true,"audioPlay":false,"sceneViewState":{"m_AlwaysRefresh":false,"showFog":true,"showSkybox":true,"showFlares":true,"showImageEffects":true,"showParticleSystems":true,"showVisualEffectGraphs":true,"m_FxEnabled":true},"in2DMode":false,"pivot":{"x":27.410526275634767,"y":12.137866973876954,"z":39.10715103149414},"rotation":{"x":0.11276676505804062,"y":0.05719342827796936,"z":0.006538496818393469,"w":-0.9920192360877991},"size":38.501434326171878,"orthographic":false}